{"records":[{"namaRuangan":"Biro Umum","lantai":"Lantai 1","keterangan":"-","gambar":"IMG_20220902_072301 (1).jpg","video":["https:\/\/www.youtube.com\/embed\/_IjJ2sN9L90?si=5-igkQq19AZg6DBI","https:\/\/www.youtube.com\/embed\/_IjJ2sN9L90?si=5-igkQq19AZg6DBI","https:\/\/www.youtube.com\/embed\/_IjJ2sN9L90?si=5-igkQq19AZg6DBI"]},{"namaRuangan":"Balai Petitih","lantai":"Lantai 1","keterangan":"-","gambar":"IMG_20220902_072301 (1).jpg","video":["https:\/\/www.youtube.com\/embed\/ef_RsXWgCME?si=8cZE72_YNF2j6dZO","https:\/\/www.youtube.com\/embed\/ef_RsXWgCME?si=8cZE72_YNF2j6dZO","https:\/\/www.youtube.com\/embed\/ef_RsXWgCME?si=8cZE72_YNF2j6dZO"]},{"namaRuangan":"Biro Pengadaan Barang dan Jasa","lantai":"Lantai 3","keterangan":"-","gambar":"IMG_20220902_072301 (1).jpg","video":["https:\/\/www.youtube.com\/embed\/a_fB6mufIXM?si=HpzggiRoVtYACtun","https:\/\/www.youtube.com\/embed\/a_fB6mufIXM?si=HpzggiRoVtYACtun","https:\/\/www.youtube.com\/embed\/a_fB6mufIXM?si=HpzggiRoVtYACtun"]},{"namaRuangan":"Adiministrasi Publik","lantai":"Lantai 1","keterangan":"-","gambar":"IMG_20220902_072301 (1).jpg","video":["https:\/\/www.youtube.com\/embed\/JitN4r80I68?si=5U555Y-zJ-aX6VHR","https:\/\/www.youtube.com\/embed\/JitN4r80I68?si=5U555Y-zJ-aX6VHR","https:\/\/www.youtube.com\/embed\/JitN4r80I68?si=5U555Y-zJ-aX6VHR"]}]}